ID,NAME,PHONE,ADDRESS
0,김유진,01046715130,동작구
1,김서라,01005452140,인제시
2,장은영,01086532764,군산시
3,이유라,01035801245,인제군
4,이지서,01085514682,군산시
5,최지저,01058822565,수원구
6,정수빈,01002543675,통영군
7,김지린,01001228071,남시
8,김주유,01085731260,구리군
9,홍지진,01021150167,군산시
10,김은연,01001652153,속초시
11,강주린,01068444376,거창구
12,강세희,01010115500,마포군
13,김연린,01081505010,부천구
14,노서연,01032617638,광산군
15,김호연,01002505678,창원시
16,김규연,01025800735,송파구
17,배주경,01031511542,강릉군
18,김다저,01020631165,용산시
19,이지서,01048000323,창원시
20,최민연,01082285510,영주구
21,김도진,01004076803,군산시
22,오성연,01050627012,고성시
23,김다연,01068771226,강릉시
24,김희안,01074813181,광주군
25,나서희,01007681538,남구
26,김서현,01048250011,인제군
27,김민연,01031034760,강화군
28,박소현,01058867888,창원구
29,정초형,01001257374,광주구
30,김민희,01065154664,부천군
31,김나현,01083583481,양산군
32,김희윤,01088642108,수성구
33,김소경,01010113611,북시
34,남지원,01038282041,동작구
35,임가경,01057537187,광산구
36,김재아,01088150357,안양군
37,신수연,01060371416,통영시
38,이수연,01074041203,구미군
39,허윤른,01057448317,시흥군
40,서주린,01021004612,군산시
41,전수연,01056258474,김천구
42,이다리,01073886055,양산구
43,한예연,01021321270,거창시
44,김민희,01021688444,강화시
45,이나연,01035713262,통영시
46,강혜린,01060358862,부천시
47,권다희,01081452456,고창군
48,김주은,01016683311,고성군
49,정유저,01011255510,목포시
50,박소빈,01010115562,광주군
51,유이솔,01035174383,속초시
52,정지희,01075105631,고성시
53,손소은,01016260244,부천시
54,김수윤,01035685878,거창군
55,맹이빈,01015056856,강화시
56,이서서,01007345783,안양구
57,이지서,01075432621,광산군
58,우승원,01020514461,남원구
59,안현인,01037208423,강릉시
60,조지서,01013558730,남군
61,백유연,01033387557,남시
62,류지현,01083237330,밀양군
63,이미연,01037748118,마포시
64,권수우,01063710142,남원시
65,한승연,01015138763,강화시
66,정지희,01066681573,수성군
67,이유윤,01041803588,남구
68,김지연,01015610358,인제구
69,우민빈,01037078163,거창시
70,조서진,01006084502,동작군
71,전은재,01034368853,남군
72,김주련,01005637003,양양시
73,박수빈,01055535341,밀양시
74,최지지,01026423267,부천군
75,이저연,01076318477,목포구
76,공예서,01075171142,양양시
77,채서주,01068168531,강릉군
78,김예연,01026688608,남원구
79,백세은,01055402714,마포시
80,이수진,01018032873,구미구
81,공채소,01002536877,송파구
82,김민나,01085133520,안양시
83,김혜래,01085384703,부천구
84,김태경,01086243351,강릉군
85,윤서연,01002638014,마포군
86,임희현,01048175467,영주시
87,김서희,01042513248,부천군
88,박시현,01054852266,안양군
89,남현연,01012777711,강화시
90,백민연,01066811232,구리구
91,이하현,01047541521,시흥구
92,최민연,01025763851,고성구
93,송예빈,01021118560,광주군
94,정미빈,01072622263,구미구
95,윤채혜,01013237588,수원군
96,권희아,01008087772,구미군
97,정지서,01008555538,밀양시
98,김미재,01046542085,강화시
99,김다원,01052276574,수성구
100,최태지,01071110673,구리군
101,이수나,01060768245,부평시
102,유연경,01002706657,밀양군
103,서규진,01012647348,수원군
104,박세연,01084541136,남원시
105,박주빈,01027748316,고창구
106,김주원,01063337577,군산구
107,윤서은,01075065638,속초군
108,임예은,01014547368,양산시
109,문지인,01001327710,김천군
110,정지라,01035741412,마포군
111,김미원,01037342662,밀양군
112,이소연,01042406126,동작시
113,정이빈,01022483866,용산군
114,이연전,01047635558,양산구
115,정주현,01058357228,고창군
116,하현빈,01083861456,고성구
117,윤지연,01023736214,통영구
118,박서지,01065185548,영주시
119,송유서,01014182640,전주구
120,김하은,01022878033,밀양군
121,장서지,01074704245,시흥군
122,최승린,01031808317,남원군
123,차규안,01030675223,광주구
124,이무아,01006583521,목포시
125,이주희,01025543207,동작시
126,김시서,01027140624,김천구
127,강서희,01071184776,전주시
128,이가연,01038703426,광산구
129,김하아,01028813653,고창시
130,김예민,01086343111,수원구
131,이미진,01044067381,마포구
132,송혜윤,01044378163,인제군
133,이아연,01065311332,강화구
134,황민연,01003443000,구리군
135,김주영,01072227518,양산군
136,윤세솔,01073561781,밀양시
137,박수연,01055351241,김천구
138,오채연,01071300584,창원시
139,최지하,01030415188,통영시
140,이혜원,01001523642,인제구
141,장소아,01058015884,마포구
142,이민희,01012457384,용산구
143,민현저,01063604858,송파군
144,황주진,01065612036,용산시
145,송은예,01076066073,마포구
146,한혜주,01086273681,북구
147,이혜연,01056237331,강화구
148,김승현,01007234832,인제군
149,곽재빈,01026181602,남원구
150,박유련,01010105301,남원시
151,서유흔,01034330227,남군
152,박윤원,01012231885,고창군
153,김차주,01018417840,부평군
154,강서민,01082754557,양산시
155,조예정,01077048145,북군
156,박주은,01013120627,부평구
157,박주연,01070548771,강화시
158,김서경,01060384104,밀양시
159,우민진,01026610582,영주시
160,손수빈,01060568665,양양구
161,김현정,01068231772,고창군
162,조서연,01068481808,군산시
163,이하린,01010355423,김천시
164,이지연,01056540725,남시
165,김지수,01010705606,영주군
166,육하린,01010654834,부천시
167,박민진,01031205553,남구
168,최다현,01058045558,부평군
169,손민원,01006078134,남군
170,정수수,01081782685,강화구
171,홍유현,01000873677,분당구
172,심자빈,01057825166,통영구
173,고다서,01037150827,군산구
174,김현시,01052660781,군산구
175,길세아,01017832155,영주군
176,박유연,01068117565,목포시
177,이시빈,01040525255,구리시
178,정지연,01002814241,안양구
179,조다은,01041038274,양산구
180,이가연,01014436670,시흥군
181,박은경,01078403147,북시
182,남지은,01073786044,양양시
183,김서연,01051478616,속초구
184,이예연,01018447777,동작구
185,이윤원,01057774524,동작군
186,한유민,01073081224,시흥시
187,채유하,01044343850,목포구
188,김지현,01016147835,분당시
189,김유나,01032820232,남구
190,김세영,01077866217,통영시
191,박응민,01073178038,속초시
192,박유아,01082864671,김천시
193,김유진,01067370703,부평시
194,김윤인,01020605443,창원구
195,전보경,01010324627,시흥시
196,조서민,01056868147,고성구
197,김유현,01058551253,고성군
198,장유진,01006884805,거창시
199,노수빈,01026158218,거창군
200,송은재,01017466604,구미시
201,김민빈,01042742028,통영군
202,진예원,01018854142,양양군
203,김지서,01034156508,수성시
204,박규서,01042053730,인제시
205,배지은,01044074054,양양군
206,황지빈,01058175622,분당군
207,임혜현,01032141232,남구
208,윤민연,01075833624,수원군
209,조다은,01048725286,마포시
210,이슨현,01061571733,광산시
211,김윤은,01056347851,부평시
212,박응주,01015420454,송파시
213,황유비,01064263247,속초구
214,전서진,01025215472,창원구
215,전지예,01027500115,분당군
216,김수현,01066624716,수성구
217,이미저,01072558047,고창군
218,이무빈,01088773227,고창구
219,이현희,01016301673,분당구
220,강현아,01043187862,전주시
221,조세경,01032456135,군산군
222,이서진,01056264061,강릉구
223,이수민,01003127368,고성구
224,조주민,01027045340,영주구
225,이윤란,01026461338,거창구
226,민수원,01010524547,창원구
227,박서경,01055464321,구리시
228,박다연,01021642622,거창군
229,조유진,01054828736,영주시
230,오희서,01005328418,통영시
231,김예연,01083845144,남구
232,권해진,01068010523,안양시
233,정서진,01024480508,양산군
234,안주영,01003008638,밀양군
235,김민영,01015443642,안양구
236,홍수희,01012886670,안양군
237,이서빈,01081517688,송파군
238,이서지,01025884377,구리구
239,서승경,01021702412,시흥시
240,유서안,01061323228,송파구
241,이하진,01021736728,북구
242,장희은,01067635222,남원시
243,조태연,01065338153,용산군
244,박지빈,01005343046,수성구
245,최다서,01067082387,영주시
246,이유빈,01087282522,양양군
247,김수진,01012800657,안양군
248,박지린,01044740673,용산구
249,이유은,01088423221,분당구
250,이예진,01022184832,통영시
251,유재희,01057240043,전주군
252,서채린,01040123705,양산시
253,박수빈,01043536125,양양시
254,이고늘,01072655326,김천군
255,권유순,01024731558,양산군
256,정주서,01042144021,양산구
257,이소경,01014546838,강릉군
258,이지서,01053361047,수원시
259,김미현,01023565405,송파군
260,이은서,01045371031,분당시
261,김시양,01016388533,양양구
262,정하진,01055252368,분당군
263,최지연,01063538101,송파구
264,조하운,01038855515,분당시
265,장수주,01047727157,동작시
266,김수린,01010746355,용산시
267,함예린,01087805308,송파시
268,안예은,01052208632,거창구
269,이민경,01018077235,속초구
270,한예빈,01065164814,구미시
271,김지지,01027575164,시흥군
272,백나혜,01045038602,부평구
273,김수경,01025020344,밀양군
274,김지지,01081663273,남시
275,차유서,01086373287,구리시
276,박유연,01014673837,강릉군
277,정서희,01021773325,인제구
278,이현주,01006330030,강화구
279,문다은,01056627114,고창군
280,권미주,01037248427,전주시
281,정민아,01075300123,안양구
282,조서주,01028138386,부평시
283,조지빈,01026661822,속초군
284,최유나,01027747562,강화군
285,권소민,01017285771,구리시
286,김송지,01082032620,강릉군
287,배지원,01088473175,군산군
288,한미연,01012225805,용산시
289,김채빈,01074120363,통영구
290,한이은,01015734665,남원군
291,정유솔,01060410052,인제구
292,최수민,01043830257,남구
293,손지연,01065688233,구리구
294,최주저,01010336223,목포시
295,김은민,01011201756,고성시
296,김예나,01085083671,밀양시
297,이이서,01015108464,구미구
298,남지진,01068746177,부평군
299,이고영,01007010031,용산군
300,강지민,01027602287,속초구
301,최서윤,01035501062,마포시
302,임민현,01028456802,마포군
303,박민주,01051565680,고창구
304,최채영,01036685481,분당시
305,강효솔,01018818846,거창구
306,김지하,01062248604,양산군
307,임예연,01034148270,양산시
308,김저은,01028342063,용산군
309,김서하,01013713874,강화구
310,신예현,01081445016,분당시
311,김연빈,01085510776,속초구
312,정하연,01053406420,남구
313,이서민,01018432335,양양군
314,양유견,01006676173,광주시
315,박보연,01063248100,동작시
316,조연원,01040580074,양산시
317,서예희,01057086403,북시
318,김저진,01070662870,분당구
319,최서주,01010145056,수성군
320,강지은,01065254122,수원군
321,박서윤,01010073320,군산군
322,민가은,01021777602,김천군
323,구세윤,01028378082,동작군
324,윤은진,01065624817,양양군
325,정서연,01021558068,안양구
326,서진원,01042211218,군산시
327,임사경,01075564647,분당구
328,강하서,01042285708,인제구
329,문서채,01020776841,김천군
330,이유인,01046655826,강릉구
331,주민은,01052541517,용산구
332,이민윤,01013533571,인제구
333,김성리,01060451844,분당군
334,조태연,01050571511,강릉시
335,박예은,01017315776,거창구
336,김지연,01036621257,강화구
337,왕수현,01088038515,광산구
338,이유현,01041057718,거창시
339,류승희,01005078728,북시
340,우희연,01022581501,광산군
341,이윤진,01023444658,부천시
342,김서희,01078348165,남군
343,이윤서,01003741347,남구
344,박예현,01025226028,고성시
345,이나린,01037344138,강릉구
346,김혜주,01084567643,밀양시
347,조소현,01076682370,양양시
348,최소솔,01048672468,속초시
349,송지원,01054278740,송파군
350,임세안,01011811242,고성구
351,김미민,01044357847,창원구
352,임연민,01052235208,남원구
353,김민경,01044503876,수원구
354,김소윤,01038636531,부천구
355,송민현,01020112485,거창군
356,김시우,01015401460,남구
357,변나연,01048411058,양산시
358,조채경,01042452828,강릉시
359,박지영,01006100757,창원시
360,장미서,01081151636,구미군
361,문다란,01040248677,양산구
362,김서양,01068541816,시흥시
363,김민연,01085752842,군산시
364,윤수은,01015526158,시흥구
365,유유연,01028416108,용산군
366,김하은,01067072133,속초시
367,이희현,01074035674,북시
368,최소희,01010448765,창원군
369,강예경,01048377387,강화군
370,윤다진,01062043367,광주군
371,오현저,01026307322,송파구
372,김사연,01077547505,김천군
373,서지안,01066714687,창원구
374,최혜연,01013313160,동작군
375,김미빈,01022800756,군산시
376,박의원,01005347163,고창군
377,이예원,01045852163,부천시
378,이호겅,01056038662,양양시
379,김소민,01045448726,시흥구
380,주다안,01076110676,거창구
381,송수연,01007240005,수원구
382,박지연,01073060122,군산시
383,박지빈,01046433213,영주군
384,김서현,01021100821,강화군
385,이혜은,01080362868,양산시
386,김지윤,01072203220,마포구
387,황서린,01062563441,분당시
388,김현은,01030211208,목포시
389,이예영,01083707107,구리시
390,박지빈,01050324558,양양군
391,박윤호,01006583880,김천구
392,김서은,01044347751,마포군
393,안총원,01028000741,군산구
394,권은인,01058377566,고창구
395,박다연,01022276672,고창시
396,김다빈,01011273027,부평구
397,채다진,01078367187,시흥시
398,문서안,01064664727,마포시
399,박민현,01012267862,구리구
400,조채지,01036314545,구리시
401,김수현,01082045705,분당구
402,황현수,01012077300,속초군
403,최가윤,01032867105,영주시
404,조휘수,01040145287,남군
405,김예서,01002162615,구미군
406,정서민,01028354084,북구
407,이가진,01021551615,고성군
408,강긍늘,01027710076,고성시
409,박도희,01030417828,강릉군
410,김현주,01003104751,송파구
411,윤민연,01070488343,인제시
412,주소원,01063666455,김천구
413,김은효,01058844206,창원시
414,손민연,01075846706,양양구
415,김다진,01051712344,수성군
416,이서은,01023007834,송파구
417,김수민,01011103261,광주구
418,조미진,01034823234,영주시
419,강다진,01066024701,송파군
420,백서인,01006854070,남원군
421,이도현,01074460775,전주시
422,김다은,01057733530,창원구
423,최소신,01022357232,밀양군
424,조재현,01030052536,영주구
425,연서원,01013632182,수성시
426,이소진,01064673641,영주구
427,홍보현,01010164178,구리구
428,곽도윤,01080356085,남원시
429,김유연,01022625312,강릉구
430,이태린,01003474406,수원군
431,이민린,01076240842,전주시
432,류최빈,01052543421,수원구
433,전채은,01011010101,거창군
434,고하혜,01010067857,속초군
435,유예라,01014288882,고성구
436,유주연,01065866111,목포구
437,설유현,01006064261,밀양시
438,윤희주,01068666236,군산구
439,길희연,01050341415,수원군
440,이저리,01010468313,수성시
441,이저현,01077067673,남시
442,오지진,01056163311,광산시
443,유세희,01075867748,양양군
444,이희영,01043222458,수성구
445,정연민,01034107653,양산시
446,유유린,01070365104,전주시
447,허윤라,01023867810,구리군
448,한예원,01061300821,영주시
449,김은한,01008173361,시흥시
450,이서주,01008526762,강화군
451,허이서,01082213148,고성군
452,전호연,01046843348,고창군
453,조효혜,01040285123,분당군
454,이예희,01023506660,강릉구
455,고은하,01036851230,광주시
456,정현현,01010560740,밀양구
457,신예진,01027547402,밀양군
458,허도현,01074104080,거창구
459,정나선,01075771554,인제구
460,김서빈,01080007617,부천시
461,김저진,01073252304,수원구
462,강유인,01047476668,고창시
463,윤보희,01077714623,전주군
464,이서영,01057582053,영주군
465,곽지희,01086475063,수성시
466,김현민,01010356544,김천구
467,임미민,01086808045,송파시
468,홍지은,01045275474,창원군
469,박주주,01042580251,거창군
470,박지연,01066183030,전주군
471,김승영,01001388011,강화시
472,정연영,01042201574,영주구
473,최호은,01044688356,군산시
474,이유빈,01067437163,영주시
475,이희은,01027607206,거창구
476,이예윤,01067171473,인제시
477,박지정,01014627402,수원구
478,최보현,01045888547,영주시
479,정다빈,01073823337,속초구
480,이지향,01071204887,양양구
481,김서윤,01037104168,구리군
482,김주서,01022053184,광주군
483,이채안,01088204313,광주시
484,이수른,01041020073,송파시
485,김유저,01086150332,통영군
486,박시빈,01046054242,시흥군
487,이세희,01050265032,군산군
488,이다진,01005703228,광산군
489,정저진,01002264728,분당구
490,송소서,01025583387,구리군
491,문주원,01058660583,통영구
492,김지원,01082751041,송파군
493,유서현,01063561868,거창구
494,이은하,01057123062,마포구
495,전민연,01024652583,속초군
496,조유원,01005401032,전주구
497,박유연,01086731815,고성시
498,강혜서,01012723766,수성군
499,윤아빈,01057473662,군산군
500,공수서,01086708741,밀양군
501,공민민,01061883550,용산시
502,이서소,01065557554,동작시
503,정소은,01080621208,분당시
504,강민주,01041363147,인제시
505,조혜연,01030543800,강릉시
506,김유주,01067211302,창원구
507,홍채연,01006730367,거창시
508,정수민,01001186282,통영군
509,엄소연,01045028376,통영군
510,홍채원,01027008516,양산시
511,함연연,01056867360,영주시
512,김유경,01041638048,인제군
513,배나민,01021511553,수성구
514,이다영,01013724714,인제구
515,고유혜,01027433546,북군
516,이하현,01027302713,마포군
517,황수진,01024783161,양산시
518,박민연,01008115648,남군
519,윤태진,01017563407,김천구
520,김지원,01023575323,전주구
521,이주기,01024468616,안양시
522,윤새원,01000386634,시흥군
523,장미서,01044473567,속초군
524,조지은,01086526848,부천시
525,황미연,01035828532,통영군
526,신수인,01051350630,시흥군
527,이다희,01048611740,수성구
528,최수현,01088453506,강릉시
529,한유진,01002417536,안양시
530,이지연,01066833632,송파구
531,우은진,01034203234,강릉군
532,김서연,01056826886,통영구
533,전소아,01001283738,동작시
534,이수윤,01058372587,양산시
535,이서원,01021216588,광산군
536,이연연,01052238473,부천구
537,김아아,01052218163,전주시
538,이도은,01078606344,광산군
539,윤서솔,01027583424,부평구
540,최지연,01080641415,김천구
541,김지원,01084574737,통영시
542,권지현,01041303772,남군
543,임수영,01011131073,송파군
544,정서윤,01076263016,거창시
545,김윤경,01006246515,김천군
546,신민진,01070255705,인제군
547,김지흔,01032833558,구미구
548,안수민,01024473417,창원시
549,김하민,01071814776,거창구
550,조희현,01015305518,고성시
551,이소경,01044606050,부평구
552,김도정,01063306523,부천시
553,박보빈,01042811025,구리시
554,최근연,01017776454,구미구
555,정수연,01011502261,속초구
556,김아나,01021651073,분당시
557,이새연,01006477578,영주구
558,민은나,01003028524,광주군
559,한저영,01085716004,북시
560,강주린,01034813510,수원구
561,이주연,01057088655,거창군
562,안민현,01032648186,시흥시
563,김서주,01027534408,수원구
564,윤하희,01065702773,북구
565,서가지,01045845263,안양군
566,김다은,01067127186,광주구
567,오휘경,01065110751,김천시
568,강지수,01073335531,수원구
569,최유현,01027634406,북구
570,박서경,01063835202,강화구
571,설지연,01040574460,전주시
572,최소서,01052011202,안양구
573,정수지,01011836868,통영구
574,이은전,01023601401,양산시
575,구새미,01001480214,분당시
576,정수현,01067513070,창원시
577,석예원,01054808125,안양시
578,강시아,01016377644,동작군
579,이혜진,01034731581,분당구
580,노하원,01074002626,군산구
581,김가연,01043857875,구리시
582,임은진,01086381601,수원시
583,류현은,01055636774,거창시
584,조민은,01076514738,군산구
585,김채은,01035600187,밀양시
586,김희림,01084864113,김천군
587,강소이,01082081205,목포구
588,류수윤,01041256784,전주시
589,배세인,01081455627,통영구
590,최지연,01074056211,전주구
591,장주윤,01086510525,통영시
592,서세경,01017342530,양산구
593,도서영,01005885640,부평구
594,한은원,01014445803,목포시
595,박오현,01038374034,고창시
596,김승안,01010100748,김천군
597,이지연,01040172036,창원구
598,도윤린,01016675838,남시
599,류하안,01081548771,수성구
600,전세영,01008847607,군산군
601,김근연,01081834245,속초시
602,고주지,01012406660,군산구
603,강혜주,01017831434,남군
604,김아원,01070237321,목포군
605,송은윤,01074824827,용산군
606,홍수연,01011004708,고성시
607,홍도민,01044204014,마포구
608,정소저,01084635187,분당시
609,정저재,01016033580,밀양구
610,고혜진,01071778680,속초시
611,장시연,01003620183,통영구
612,김민빈,01042748281,군산시
613,정효은,01010625763,구리구
614,서소진,01011684004,남구
615,권희주,01072562684,마포군
616,오다현,01047400484,동작구
617,이가인,01014120062,광산구
618,이혜저,01083181441,고성구
619,강서주,01042166838,구리군
620,박지늘,01081566175,용산군
621,권규인,01011537117,수원시
622,박지혜,01080126641,남원시
623,김유연,01015311827,시흥시
624,김채린,01064868355,인제군
625,이미은,01077003577,분당구
626,우소연,01065135152,목포군
627,조소진,01028578307,영주구
628,김민현,01062442586,밀양구
629,김예저,01024347626,인제시
630,함유민,01047321563,구리구
631,김다연,01004852825,부천구
632,지소현,01032580536,수원군
633,배효현,01040151834,수원구
634,전유영,01025087423,광주군
635,김지진,01041543021,분당시
636,이민희,01031106327,양양군
637,채현지,01030421855,동작시
638,김지연,01087066726,시흥시
639,김예우,01002823887,수원군
640,정지민,01087031220,창원구
641,문나린,01012268653,동작시
642,연벼안,01082112716,군산시
643,윤세현,01018201340,수성군
644,김고윤,01033488101,수성구
645,권다저,01070456624,북군
646,허지빈,01076255375,부천군
647,함채빈,01016144304,수원군
648,이유민,01077428730,통영시
649,김서린,01037811355,용산군
650,정혜지,01005088054,수원구
651,권서빈,01062431556,분당구
652,서은현,01008718084,안양시
653,장유은,01037345252,인제구
654,이민정,01046155282,남군
655,박초아,01003607050,남원구
656,윤저연,01045081125,강릉군
657,전견연,01056555141,강화군
658,김지지,01015167183,북구
659,장서희,01076305460,시흥구
660,양다경,01061733852,목포군
661,이주원,01041407085,강화군
662,김유현,01047202516,시흥구
663,이세민,01001147262,마포군
664,김세연,01046537426,창원시
665,민승시,01004037505,남구
666,김슨빈,01021788668,동작구
667,이하빈,01045146571,양양시
668,한주운,01018484022,부평시
669,주주연,01003356532,영주군
670,최은현,01054318400,인제시
671,이윤현,01043464462,전주군
672,이미은,01072387267,전주구
673,주규련,01054121026,양양군
674,류가하,01062261861,영주구
675,강은혜,01064556254,북시
676,송채란,01040160248,목포구
677,이아주,01022280270,고창군
678,김지주,01085605034,부천구
679,송서희,01007068078,김천구
680,최도선,01076145485,광주군
681,최현주,01071267753,광주구
682,조채연,01047318262,속초시
683,김혜희,01007762007,목포시
684,조승원,01073087501,창원구
685,박혜연,01057233737,광산군
686,최혜윤,01068341752,분당시
687,우저연,01088115783,광주시
688,김예현,01024166270,광산시
689,고채윤,01015225548,인제군
690,김가희,01034886022,영주구
691,우규연,01060507848,영주구
692,김리영,01038860674,마포구
693,박윤예,01034872047,강릉시
694,김하나,01055230180,부평군
695,정예민,01053548811,속초시
696,권이주,01066114217,광산구
697,홍아시,01088660010,영주구
698,이민저,01073354444,구리구
699,안세경,01084702434,시흥시
700,김예경,01074075612,목포군
701,유다윤,01061566457,창원시
702,송다민,01002158825,용산군
703,류예안,01042060417,구미구
704,정유주,01025556601,고창시
705,김서빈,01023772536,전주구
706,이자연,01080864045,남군
707,이유원,01044253363,양산군
708,한서민,01010786631,남원시
709,황저연,01047228264,강화시
710,우서지,01055530482,군산군
711,김연영,01015467428,인제시
712,정유서,01008846116,구미군
713,김수예,01015801404,부평군
714,배처원,01084137401,양산군
715,전무연,01022843826,양양시
716,김서아,01057317425,부평시
717,이혜현,01026407254,수원시
718,박성민,01033068528,전주구
719,한윤연,01072528365,인제시
720,오지연,01088617608,부천군
721,이예혜,01036327818,통영시
722,최수빈,01042535401,남원군
723,강미연,01071665010,전주구
724,윤이진,01021502653,용산구
725,성다정,01058208211,거창군
726,장미연,01052076050,시흥시
727,배혜정,01073701804,창원시
728,김현저,01042527222,고창구
729,한민진,01008668722,북군
730,이민서,01053107201,수원군
731,김민현,01088587681,수성군
732,이세연,01083705342,김천구
733,최아지,01022786018,부평구
734,김서솔,01020642706,양산군
735,김연윤,01021033224,통영군
736,차시연,01072300411,남원시
737,김민원,01065324574,남원군
738,최이린,01078311111,전주시
739,김지빈,01017866505,통영군
740,김보민,01075473775,시흥시
741,조지은,01068378726,마포구
742,김수서,01022074486,밀양군
743,조채은,01050174661,군산시
744,박슨진,01035267540,인제군
745,여태지,01053338084,남구
746,노저경,01070586821,밀양구
747,엄사원,01083182874,거창구
748,정나연,01030008061,강화군
749,황지인,01076285782,양양군
750,박서희,01055283737,고성시
751,정채진,01054318268,고창구
752,김은연,01030107721,송파군
753,함수경,01053307482,광산시
754,임서희,01081080032,창원구
755,조서윤,01044750548,수원구
756,김채은,01071885024,마포구
757,차유진,01052570255,양산군
758,김수현,01063155372,고성시
759,김유경,01037728770,남원시
760,윤은나,01042266000,군산시
761,이예은,01051820727,창원구
762,심유윤,01033768867,동작군
763,이가희,01031712562,고성군
764,장주라,01014285407,분당구
765,김유주,01055605663,전주시
766,강세우,01051265263,양산군
767,양혜연,01077408288,분당구
768,최민경,01054028525,속초군
769,황세정,01063158555,구리시
770,황은연,01007747541,마포시
771,김서원,01073145852,광산구
772,황소인,01068018630,구미군
773,박희형,01075363026,남원시
774,김슨비,01031056485,양산구
775,이세안,01046148607,남군
776,변소진,01018006182,분당군
777,박현은,01017403705,통영시
778,김서윤,01063773041,인제구
779,김서저,01062661333,수성구
780,조예나,01071831543,용산군
781,장승영,01088343131,수원구
782,이수린,01052782172,통영구
783,문슨은,01026370313,구미군
784,최세연,01013652604,구리구
785,정세빈,01070734103,속초군
786,정다연,01060104846,남시
787,안최혜,01042348157,부천구
788,임초시,01008028127,목포군
789,최수린,01000667611,양양구
790,이연연,01042133261,부천군
791,홍은윤,01068836487,동작군
792,이수아,01036328500,고창군
793,박수리,01061624011,용산군
794,정민솔,01021751056,전주군
795,이서원,01007608736,수원군
796,윤자연,01076636531,밀양시
797,최혜은,01018685712,마포군
798,김초은,01038066328,송파시
799,정연주,01051856433,남군
800,조지연,01025571540,영주시
801,나원영,01073603882,광산구
802,함주견,01004564256,남원시
803,이예은,01077267006,양산군
804,최지원,01014076511,송파시
805,권예현,01023341712,남원군
806,전은아,01008440350,구미군
807,윤수원,01056457762,목포시
808,정미희,01061454434,전주구
809,이은민,01065126870,구리구
810,김유은,01004537502,수성구
811,황혜빈,01012003803,부천군
812,안혜원,01027367858,광산시
813,김지안,01001547460,수성시
814,윤다은,01020576870,양양군
815,강혜원,01081713623,광산구
816,박지은,01046430474,강릉군
817,한예수,01013732843,통영시
818,윤혜지,01081678322,송파구
819,한유채,01045276031,분당구
820,윤연빈,01065477577,양양군
821,신소은,01028841646,군산군
822,유희윤,01068673644,안양군
823,홍지빈,01008181704,고성구
824,민민은,01045235847,남시
825,방주연,01032266837,송파시
826,전혜은,01056677771,고성구
827,백유영,01011710231,남원군
828,김미현,01055368473,구미구
829,성수리,01061421542,밀양구
830,남유윤,01024517312,북구
831,한예빈,01036550462,분당시
832,서지저,01087327474,거창구
833,김가은,01068740506,양양구
834,노하수,01085014218,창원군
835,안주인,01053268778,북시
836,유주재,01086015110,밀양군
837,이주연,01047844562,군산시
838,정서연,01066605356,남군
839,오예현,01005654503,시흥군
840,박연희,01035341137,강릉시
841,정나은,01068163712,북군
842,송수주,01003448738,부천시
843,박지아,01008324545,마포시
844,김예연,01006367733,남원군
845,양윤진,01017638253,김천시
846,김수원,01066412376,거창시
847,김태이,01065513777,부천시
848,신서원,01057205030,군산구
849,최혜린,01037734662,영주구
850,정리예,01086244803,인제구
851,오나민,01066616664,고창군
852,박사앙,01060481825,수원구
853,함지진,01042122670,목포구
854,김저연,01054116568,군산시
855,강수하,01036785065,시흥구
856,박가현,01022688071,분당군
857,박현민,01076107752,용산시
858,김예연,01058332688,남군
859,허가연,01084312171,구미군
860,김지인,01031370078,속초시
861,안아주,01065155771,광산군
862,김지진,01015404842,구미구
863,박소연,01013843207,수성시
864,최유윤,01026433141,동작구
865,여민연,01060257048,광산시
866,정유은,01052467627,양양구
867,정소현,01003776382,인제시
868,박자민,01017214755,인제군
869,이다원,01011516684,용산시
870,김예진,01063000472,구미군
871,홍혜긴,01076305360,김천구
872,함수저,01017052123,분당시
873,정채은,01033685883,속초군
874,이하희,01050640005,수성군
875,김보나,01087263533,강화군
876,김미진,01084845371,고성군
877,이서린,01037168364,목포군
878,김민경,01011040718,강화구
879,최아빈,01001558141,동작군
880,이서빈,01013068767,김천군
881,신서현,01064430236,구리시
882,이서경,01058048103,남구
883,허유연,01081331412,창원구
884,김지련,01080071835,남원군
885,장서진,01027443588,강릉군
886,이호민,01038246281,송파구
887,박은준,01061418574,고성시
888,서나연,01004312186,강릉시
889,김민민,01012488266,김천구
890,신혜원,01008615465,강화시
891,전혜혜,01087415477,구리구
892,민수경,01048855501,강릉구
893,윤지저,01063305663,전주시
894,장혜연,01088477523,강화시
895,김서주,01010630435,수성군
896,윤지서,01025821088,통영구
897,정수수,01008531607,마포시
898,윤채다,01047853512,거창구
899,송수연,01000168851,용산시
900,김세린,01027340507,고창군
901,이서서,01050403343,김천시
902,곽미현,01085375233,군산시
903,오단희,01028820006,안양군
904,최유진,01014735417,강릉시
905,김시은,01005534166,구미군
906,문태연,01002105532,목포군
907,강승주,01018580003,남원시
908,신지현,01047772768,송파구
909,유수민,01001145612,수성시
910,신민원,01057614014,목포구
911,김세린,01086178844,고성시
912,김민민,01086546430,남원구
913,조혜희,01021361233,속초구
914,김민은,01051878045,고성시
915,김민경,01020214588,강화시
916,손서연,01064558177,구미군
917,박지혜,01007630576,광산군
918,김연진,01033172834,창원구
919,강태현,01074200023,영주시
920,송유우,01088201703,부천시
921,이유현,01034042524,거창시
922,최혜린,01004804324,양양시
923,오다저,01003526048,송파시
924,백은민,01030753772,거창구
925,김민라,01040178525,목포군
926,김가경,01016855362,부평군
927,이수원,01068784531,통영시
928,김소서,01070220425,밀양군
929,조응연,01081827254,밀양시
930,서이른,01020853636,남원군
931,장예윤,01022315737,목포군
932,곽나은,01002642826,시흥시
933,이현현,01003410348,통영군
934,임혜연,01076070513,부천군
935,홍저희,01047404422,수성구
936,안인연,01082653036,용산군
937,이주시,01002001742,동작구
938,엄유현,01080105186,구리시
939,김잔은,01021006738,북군
940,이예지,01081846710,송파군
941,윤은서,01067285038,구리시
942,배소현,01080358068,속초구
943,이은연,01087375340,양양시
944,김아지,01006328586,강릉구
945,황채다,01032617761,구미구
946,김수은,01076834565,군산구
947,박서은,01030155518,용산구
948,서태정,01052753683,시흥시
949,박세연,01051280865,수성군
950,진서은,01043715240,인제구
951,정의저,01073034786,분당구
952,강유나,01022774478,강릉군
953,금고혜,01076430884,군산군
954,유연현,01040803326,영주구
955,김은현,01061032320,송파구
956,심가연,01075343682,창원시
957,이고연,01051116616,마포군
958,김예빈,01083125388,광산군
959,박유빈,01022527647,송파시
960,장혜원,01035313714,광주시
961,이사경,01065011634,통영군
962,박연린,01064431065,송파시
963,최보은,01078678742,광주구
964,유소주,01077527243,수원구
965,김희영,01010204412,송파군
966,장소전,01084168837,부천시
967,노승혜,01028421324,양양구
968,권효수,01060401550,부평시
969,김수솔,01076162557,군산시
970,전채지,01035008745,동작구
971,장수연,01054718616,고성군
972,조지진,01010273204,송파군
973,이당경,01011054282,광주시
974,최은연,01045355281,구리군
975,임지윤,01048554128,통영시
976,박세윤,01022553705,광산군
977,김저연,01073487153,거창군
978,박현희,01023486153,강화시
979,송다나,01044107880,부평시
980,김서린,01006261681,창원시
981,지주희,01084747257,군산구
982,김현라,01046153812,영주시
983,김다현,01012344578,구미군
984,신다하,01077153107,김천구
985,조혜린,01063246778,강화구
986,문연연,01080584857,용산시
987,김다다,01036234812,고성구
988,한인윤,01043804644,영주군
989,정다시,01076618150,부평시
990,문서수,01002783215,용산구
991,김가희,01044500165,목포구
992,최소민,01022345210,양양시
993,이하원,01028736385,양양군
994,심민현,01066266806,시흥군
995,정보연,01040023643,광주군
996,김은은,01037332875,수성군
997,오수빈,01074577371,통영군
998,김미은,01032568638,부천군
999,이도경,01077684210,구미시
